Index,Image URL
1,https://s.gr-assets.com/assets/home/header_logo-8d96d7078a3d63f9f31d92282fd67cf4.png
2,https://i.gr-assets.com/images/S/compressed.photo.goodreads.com/books/1480106986l/33917._SX98_.jpg
3,https://i.gr-assets.com/images/S/compressed.photo.goodreads.com/books/1631251689l/4214._SX98_.jpg
4,https://i.gr-assets.com/images/S/compressed.photo.goodreads.com/books/1563042852l/49628._SX98_.jpg
5,https://i.gr-assets.com/images/S/compressed.photo.goodreads.com/books/1479863624l/1618._SX98_.jpg
6,https://i.gr-assets.com/images/S/compressed.photo.goodreads.com/books/1329421639l/50365._SX98_.jpg
7,https://s.gr-assets.com/assets/home/discovery_arrow-f1e8677f2c8b68500ed82ef0d5b7c59b.png
8,https://i.gr-assets.com/images/S/compressed.photo.goodreads.com/books/1348322381l/3450744._SX98_.jpg
9,https://i.gr-assets.com/images/S/compressed.photo.goodreads.com/books/1320428955l/2776527._SX98_.jpg
10,https://i.gr-assets.com/images/S/compressed.photo.goodreads.com/books/1255573980l/1713426._SX98_.jpg
11,https://i.gr-assets.com/images/S/compressed.photo.goodreads.com/books/1479863624l/1618._SX98_.jpg
12,https://i.gr-assets.com/images/S/compressed.photo.goodreads.com/books/1317793965l/11468377._SX98_.jpg
13,https://s.gr-assets.com/assets/home/discovery_arrow-f1e8677f2c8b68500ed82ef0d5b7c59b.png
14,https://s.gr-assets.com/assets/loading-trans-ced157046184c3bc7c180ffbfc6825a4.gif
15,https://s.gr-assets.com/assets/layout/magnifying_glass-a2d7514d50bcee1a0061f1ece7821750.png
16,"https://i.gr-assets.com/images/S/compressed.photo.goodreads.com/authors/1673611182i/3565._UX200_CR0,15,200,200_.jpg"
17,https://images.gr-assets.com/quotes/1511992603p2/8630.jpg
18,"https://i.gr-assets.com/images/S/compressed.photo.goodreads.com/authors/1696236573i/22302._UX200_CR0,0,200,200_.jpg"
19,"https://i.gr-assets.com/images/S/compressed.photo.goodreads.com/authors/1429114964i/9810._UX200_CR0,14,200,200_.jpg"
20,"https://i.gr-assets.com/images/S/compressed.photo.goodreads.com/authors/1197881416i/13755._UX200_CR0,47,200,200_.jpg"
21,"https://i.gr-assets.com/images/S/compressed.photo.goodreads.com/authors/1331977133i/5768330._UX200_CR0,30,200,200_.jpg"
22,"https://i.gr-assets.com/images/S/compressed.photo.goodreads.com/authors/1282396130i/1744830._UX200_CR0,47,200,200_.jpg"
23,"https://i.gr-assets.com/images/S/compressed.photo.goodreads.com/authors/1193930952i/61105._UX200_CR0,30,200,200_.jpg"
24,"https://i.gr-assets.com/images/S/compressed.photo.goodreads.com/authors/1198551937i/259666._UX200_CR0,16,200,200_.jpg"
25,"https://i.gr-assets.com/images/S/compressed.photo.goodreads.com/authors/1356810912i/5810891._UX200_CR0,21,200,200_.jpg"
26,"https://i.gr-assets.com/images/S/compressed.photo.goodreads.com/authors/1605640483i/7715._UX200_CR0,33,200,200_.jpg"
27,"https://i.gr-assets.com/images/S/compressed.photo.goodreads.com/authors/1596216614i/1077326._UX200_CR0,15,200,200_.jpg"
28,"https://i.gr-assets.com/images/S/compressed.photo.goodreads.com/authors/1686463588i/957894._UY200_CR46,0,200,200_.jpg"
29,"https://i.gr-assets.com/images/S/compressed.photo.goodreads.com/authors/1322103868i/1244._UX200_CR0,40,200,200_.jpg"
30,https://images.gr-assets.com/quotes/1387503187p2/10554.jpg
31,"https://i.gr-assets.com/images/S/compressed.photo.goodreads.com/authors/1379017377i/3503._UX200_CR0,6,200,200_.jpg"
32,"https://i.gr-assets.com/images/S/compressed.photo.goodreads.com/authors/1216826209i/114059._CR0,24,200,200_.jpg"
33,"https://i.gr-assets.com/images/S/compressed.photo.goodreads.com/authors/1673611182i/3565._UX200_CR0,15,200,200_.jpg"
34,"https://i.gr-assets.com/images/S/compressed.photo.goodreads.com/authors/1673611182i/3565._UX200_CR0,15,200,200_.jpg"
35,"https://i.gr-assets.com/images/S/compressed.photo.goodreads.com/authors/1198518558i/23924._UX200_CR0,21,200,200_.jpg"
36,https://s.gr-assets.com/assets/award/2023/choice-logo-medium-3f7a921e1a8c181972cbb229f6d023ec.png
37,https://images.gr-assets.com/blogs/1721765938p7/2821.jpg
38,https://i.gr-assets.com/images/S/compressed.photo.goodreads.com/books/1684638853l/2429135._SX50_.jpg
39,https://i.gr-assets.com/images/S/compressed.photo.goodreads.com/books/1638425885l/16299._SY75_.jpg
40,https://i.gr-assets.com/images/S/compressed.photo.goodreads.com/books/1696691404l/960._SY75_.jpg
41,https://i.gr-assets.com/images/S/compressed.photo.goodreads.com/books/1386605169l/17899948._SX50_.jpg
42,https://i.gr-assets.com/images/S/compressed.photo.goodreads.com/books/1553383690l/2657._SY75_.jpg
43,https://i.gr-assets.com/images/S/compressed.photo.goodreads.com/books/1657781256l/61439040._SX50_.jpg
44,https://i.gr-assets.com/images/S/compressed.photo.goodreads.com/books/1490528560l/4671._SY75_.jpg
45,https://i.gr-assets.com/images/S/compressed.photo.goodreads.com/books/1598823299l/42844155._SX50_.jpg
46,https://i.gr-assets.com/images/S/compressed.photo.goodreads.com/books/1622355533l/4667024._SY75_.jpg
47,https://i.gr-assets.com/images/S/compressed.photo.goodreads.com/books/1579036753l/77203._SY75_.jpg
48,https://i.gr-assets.com/images/S/compressed.photo.goodreads.com/books/1722456144l/43641._SY75_.jpg
49,https://i.gr-assets.com/images/S/compressed.photo.goodreads.com/books/1522157426l/19063._SY75_.jpg
50,https://s.gr-assets.com/assets/site_footer/footer_facebook-ea4ab848f8e86c5f5c98311bc9495a1b.svg
51,https://s.gr-assets.com/assets/site_footer/footer_twitter-126b3ee80481a763f7fccb06ca03053c.svg
52,https://s.gr-assets.com/assets/site_footer/footer_instagram-d59e3887020f12bcdb12e6c539579d85.svg
53,https://s.gr-assets.com/assets/site_footer/footer_linkedin-5b820f4703eff965672594ef4d10e33c.svg
54,https://s.gr-assets.com/assets/app/badge-ios-desktop-homepage-6ac7ae16eabce57f6c855361656a7540.svg
55,https://s.gr-assets.com/assets/app/badge-android-desktop-home-0f517cbae4d56c88a128d27a7bea1118.png
56,https://s.gr-assets.com/assets/facebook/login_animation-085464711e6c1ed5ba287a2f40ba3343.gif
57,//pixel.quantserve.com/pixel/p-0dUe_kJAjvkoY.gif
58,https://sb.scorecardresearch.com/p?c1=2&amp;c2=6035830&amp;c3=&amp;c4=&amp;c5=&amp;c6=&amp;c15=&amp;cv=2.0&amp;cj=1
